<?xml version="1.0" encoding="utf-8"?>
<cobaltfield>
	<name>Simple Text Base</name>
	<group>Test Form Elements</group>

	<config>
	<fields name="params">
		<fieldset name="tmpl">
			<field type="filelist" name="template_input" filter="php$" hide_none="1" hide_default="1" directory="/components/com_cobalt/fields/simpletext_base/tmpl/input" label="F_TMPLINPUT" default="default.php" />
			<field type="filelist" name="template_output_list" filter="php$" hide_none="1" hide_default="1" directory="/components/com_cobalt/fields/simpletext_base/tmpl/output" label="F_TMPLLIST" default="default.php" />
			<field type="filelist" name="template_output_full" filter="php$" hide_none="1" hide_default="1" directory="/components/com_cobalt/fields/simpletext_base/tmpl/output" label="F_TMPLFULL" default="default.php" />
		</fieldset>
	</fields>
	</config>
</cobaltfield>