<?xml version="1.0" encoding="utf-8"?>
<extension version="3.0" type="file" method="upgrade">
	<name>Cobalt - Field - Simple Text base</name>
	<author>Pavel Ivanov</author>
	<license>GPL GNU</license>
	<authorEmail>admin@cobalt-cck.ru</authorEmail>
	<authorUrl>http://www.cobalt-cck.ru</authorUrl>
	<creationDate>July 2013</creationDate>
	<copyright>(c) 2013 Сobalt by Russian</copyright>
	<version>1.00</version>
	<description>Cobalt - Field - Simple Text base: This is simple text field, base version</description>
	
	<fileset>
		<files target="components/com_cobalt/fields">
			<folder>simpletext_base</folder>
		</files>
	</fileset>
</extension>